title,subreddit
'Now you can cook on it', 'iphone'
'Just got my first iPhone for Christmas', 'iphone'
'Apple CarPlay volume control UI', 'iphone'
'How rotation lock should be', 'iphone'
'Finally got my first pair of AirPods', 'iphone'
'A lil humor on a Monday', 'iphone'
'iOS should have album art in the control center', 'iphone'
'Friend turned on his phone for the first time in a while and this happened', 'iphone'
'The best iOS feature', 'iphone'
'iPhone X ray', 'iphone'
'Stole it from apple', 'iphone'
'Turned my old and slow iPhone into fast ultra minimalistic feature phone', 'iphone'
'Redesigned Volume Control Confirmed', 'iphone'
'We have come full circle', 'iphone'
'Using FaceId to unlock my phone when it s sitting on my desk', 'iphone'
'This feature is so underrated', 'iphone'
'My concept for a new volume UI for iOS', 'iphone'
'How the volume HUD should be', 'iphone'
'I would have preferred this approach with the iPhone X', 'iphone'
'After less than a month of sporadic use with my iPhone the dongle is already tearing', 'iphone'
'I did a thing with Live Photo', 'iphone'
'That s a nice iOS you got there', 'iphone'
'The Evolution of Earbuds', 'iphone'
'I will defend apple for a lot of things but charging for a basic clear case that costs pence to make is not one of them this is a joke', 'iphone'
'No offense to Android users but I thought this was funny', 'iphone'
'A year ago my iPhone was stolen then a week ago I won at the office raffle', 'iphone'
'When Face ID worked perfectly and when it failed', 'iphone'
'What happens when you mismatch AirPods', 'iphone'
'Hmmm interesting', 'iphone'
'These are all Space Gray', 'iphone'
'True', 'iphone'
'Easiest way to save', 'iphone'
'No update will ever beat iOS to iOS', 'iphone'
'I felt the back of the new phones should match iOS', 'iphone'
'The good old days', 'iphone'
'Apple support getting all gooey on me', 'iphone'
'I m posting this from Android', 'iphone'
'Evolution of Apple Earphones', 'iphone'
'I fixed iOS s new volume indicator to be more in line with Apple s design philosophies', 'iphone'
'History of the iPhone', 'iphone'
'After days I FINALLY found my final Christmas present', 'iphone'
'iOS Now predicting texts', 'iphone'
'I love apple', 'iphone'
'I remember being so upset that I had a android at the time iOS came out lol', 'iphone'
'r iphone starter pack', 'iphone'
'Dear app developers this is not an acceptable ad this is grounds for an uninstall', 'iphone'
'iOS A row of numbers would ve been nice instead of all this shit', 'iphone'
'How Apple s meeting went down', 'iphone'
'Me and my wife both got Airpods for each other this christmas So I had to something not to mix them around', 'iphone'
'The guy sitting in front of me is a monster', 'iphone'
'Rich DeMuro on Facebook In years of covering iPhone launches I ve never seen anything like this hours before the launch of iPhone in Los Angeles and not a single person in line', 'iphone'
'The single best new feature in iOS', 'iphone'
'There s only one way to save the look of the new iPhone', 'iphone'
'He never left', 'iphone'
'Two thirds of consumers said a iPhone is simply too expensive', 'iphone'
'Airpower', 'iphone'
'Ah that s why', 'iphone'
'Literally me', 'iphone'
'Slide to Unlock', 'iphone'
'iPhone XS is applying skin smoothing beauty filter on the front facing camera without telling you and no way to disable it This is not acceptable', 'iphone'
'Samsung tweets from iPhone', 'iphone'
'Lil louder for the people who lost their air pods', 'iphone'
'My friend D printed and painted a frying pan for my Stovetop Pro Max', 'iphone'
'Wow thanks Siri', 'iphone'
'Wow thanks guys', 'iphone'
'Never forget', 'iphone'
'Tim Cook s refusal to help FBI hack iPhone is validated by WannaCry attack', 'iphone'
'Most men carry a condom I carry an adaptor', 'iphone'
'If the iPhone X ran iOS', 'iphone'
'My daughter added our cats paw print as a valid TouchID for her iPhone and it works', 'iphone'
'Saw this on LetGo today I couldn t not point out the steaming pile of s t', 'iphone'
'Apple touting its privacy policy ahead of CES Outside Marriott Las vegas', 'iphone'
'iPhone', 'iphone'
'Avenge the Fallen', 'iphone'
'One picture taken with an iPhone X the other with an iPhone Pro with Night Mode I think the difference is incredible', 'iphone'
'We did it r iPhone Merry Christmas', 'iphone'
'New Apple Logo', 'iphone'
'Finally upgraded my phone', 'iphone'
'I mounted all of my old iPhones over the past years No s models and of course not my current X', 'iphone'
'Hold the Refresh button to quickly load desktop or without content blockers', 'iphone'
'I may have found an iOS bug and proof of Facebook Messenger recording audio in the background at the same time', 'iphone'
'When the body is a but the face is a', 'iphone'
'Sleek design sleek case', 'iphone'
'Opinion I think the App Store should have a category for games with no in app purchases and that we only pay once for', 'iphone'
'Samsung AR Emoji vs Apple Memoji', 'iphone'
'Since I saw ARKit in action I just wanted an AR Physics Sandbox so I made one Giveaway on comments', 'iphone'
'I uploaded my phone background folder backgrounds here', 'iphone'
'Fixed Apple s WWDC splash image', 'iphone'
'How Android comparisons feel', 'iphone'
'I don t even have faceid', 'iphone'
'My mom just upgraded from the iPhone to the iPhone She s about to be really disappointed', 'iphone'
'biggest tease', 'iphone'
'Machined iPhone Pro SIM tool vs twisted wire iPhone SE tool It really is right down to the little things to shave cost', 'iphone'
'This is how my ideal iPhone would look', 'iphone'
'Remember when this was a meme in like', 'iphone'
'Samsung again posts using an iPhone', 'iphone'
'Is it too early to start with the concepts', 'iphone'
'Why OLED is king', 'iphone'
'Outflexed', 'iphone'
'So I bought the Arnold case cover for iPhone from Wish never again', 'iphone'
'Unused space on the iPhone X keyboard could be used for frequently used emojis like Touch bar on Mac Alex Muench', 'iphone'
'Just changed my iPhone directly to Plus', 'iphone'
'The London Eye moves in Apple Maps Satellite View', 'iphone'
'Kanye Wests iPhone password is', 'iphone'
'Is it though', 'iphone'
'If your site does this I hate you', 'iphone'
'Remember', 'iphone'
'Beluga whale saves an iPhone from the sea in Norway', 'iphone'
'For people who say that cAbLeS aRe WeAk try this', 'iphone'
'The thunderstorm animation on the Weather app is pretty awesome', 'iphone'
'There are two types of people on the internet', 'iphone'
'This is how the volume indicator should work system wide on at least iPhone X Fades in and out From the Apollo Reddit app It s time for the giant outdated screen covering pop up to die already', 'iphone'
'My email addresses get tedious to type so often on iPhone so I use or keyboard shortcuts Just thought I would share with you all', 'iphone'
'Not sure if this is a great idea or a terrible idea', 'iphone'
'Thought you guys might get a kick out of this booted my old g for the first time in forever and here s what I was excited about when upgrading to the really shows how far we ve come', 'iphone'
'We can t let this be left as a concept', 'iphone'
'This sub', 'iphone'
'Notifications need to be fixed this is just embarrassing Apple', 'iphone'
'This is how I imagine everyone on this sub', 'iphone'
'Tim Cook says that users will be able to turn off iPhone battery throttling future iOS update', 'iphone'
'iPhone S poster on side of NYC newsstand that was closed for years because of construction of building in front of it', 'iphone'
'What is your favorite iPhone model to date', 'iphone'
'iPhone still up in running', 'iphone'
'Will any other iPhone look as aesthetically pleasing as the iPhone when it first came out', 'iphone'
'A feature from the new iPhone a few talk about is the slow sync flash This is a dramatic difference', 'iphone'
'zerozerozerozerozerozerozero', 'iphone'
'My local Walmart still has its iPhone Display out', 'iphone'
'And the group chat keeps the blue bubbles', 'iphone'
'iPhone Case for iPhone X', 'iphone'
'A bullet went through this iPhone Pro Max and yet the display is still powered on', 'iphone'
'I know what my Apple Card would look like', 'iphone'
'Sending my old phone in for a trade in Hopefully I make someone laugh', 'iphone'
'Cheerios now running iOS', 'iphone'
'TIL the Notes app has a built in documents scanner You just have to press the button Had no idea', 'iphone'
'TIL Screen Recording continues to work when locked but won t record your passcode', 'iphone'
'Brought out my newton to show decades of improvement with my new device', 'iphone'
'They really improved the stabilization on the iPhones this year', 'iphone'
'Since coming down with Bell s Palsy this is what my Animojis look like', 'iphone'
'Any opinions on this color Would you like to have a dark Sophia Blue iPhone Pro', 'iphone'
'This inconsistency drives me crazy I always repeat my timers by accident', 'iphone'
'I wanted to see if it could be done', 'iphone'
'Live photos can be useful after all', 'iphone'
'ironic', 'iphone'
'When your phone is too old to order a new phone', 'iphone'
'Laser engraving on an iPhone', 'iphone'
'So this just happened', 'iphone'
'Best feeling ever', 'iphone'
'Discovered this today d touch is pretty great', 'iphone'
'iPhone owners angry over easily scratched screens', 'iphone'
'Introducing Apollo a brand new Reddit experience for iOS Gorgeous iOS centric design an incredible Media Viewer fully customizable gestures a full Markdown editor and sculpted by thousands of Redditors xpost r Apple', 'iphone'
'Live wallpapers played at the same time', 'iphone'
'Apple resumes iPhone X production due to weak XS sales report claims', 'iphone'
'The Trinity', 'iphone'
'Notification bubbles should be combined instead of separate bubbles that repeat the name icon', 'iphone'
'The notch has been with us since', 'iphone'
'Another scam app that uses the fingerprint trick IDENTICAL to the previous one', 'iphone'
'GTA San Andreas Xbox Mount on iOS', 'iphone'
'looks better if the camera don t stick out', 'iphone'
'Can we please have the weather display on the app icon like the clock and calendar do', 'iphone'
'iPhone', 'iphone'
'Most underrated iOS feature', 'iphone'
'Remember when Apple gave you a plastic case for your earbuds instead of the new paper one', 'iphone'
'An iPhone X ad is being hand painted in my city', 'iphone'
'If the iPhone X ran iOS', 'iphone'
'Now Apple tweets using Android', 'iphone'
'iPhone X Another cool D depth effect demo', 'iphone'
'And that s a ducking fact', 'iphone'
'Woah', 'iphone'
'I m and an aspiring UI UX Designer I made this mock up of a lock screen for iOS and thought some of you might like it', 'iphone'
'The new version of Find My iPhone is active', 'iphone'
'iPhone X Bentley Edition with K gold Only made', 'iphone'
'These posts have to stop', 'iphone'
'Guy who built his own iPhone in China added a working internal headphone jack to the iPhone', 'iphone'
'Here s a render of what the iPhone Pro will look like according to the latest leaks and rumours via PhoneDesigner', 'iphone'
'My Screenshots folder since getting the iPhone X', 'iphone'
'Don t know if you guys know about this but iOS can track flights through the search bar if you type in the flight number Just found this out today', 'iphone'
'Third eye with wide angle view', 'iphone'
'I ve never seen a liquid in lightning port warning before', 'iphone'
'Just f ed up the universe', 'iphone'
'One of these things is not like the other', 'iphone'
'Siri engineers are aware of its limitations', 'iphone'
'Shoe tester', 'iphone'
'Bought a refurbed XR from Amazon for my son and decided to make the presentation a bit nicer', 'iphone'
'I took apart my broken iPhone and framed it', 'iphone'
'The date on the iPhone X s packaging reflects the date it was announced the time reflects when Steve Jobs announced the original iPhone ten years ago', 'iphone'
'We ve come a long way iPhone G next to a iPhone XS', 'iphone'
'Interested quote by Steve', 'iphone'
'We need a feature to search through our iMessage threads by date and time', 'iphone'
'iPhone XS iPhone XS Max and iPhone XR Pricing', 'iphone'
'iPhone Pro Camera Module doesn t stick out as much as you d think it would from the renders Looks significantly more flush than straight on Renders Photos', 'iphone'
'PSA iPhone slow Try replacing your battery', 'iphone'
'Guys it s happening Almost there Will update after my wife hits the milestone Fingers crossed iOS lives', 'iphone'
'The cheapest iPhone now has a more powerful processor than the most expensive Android phone', 'iphone'
'One of the best features on iOS', 'iphone'
'My father owns one apple share from', 'iphone'
'Never knew you can tap and hold mute button in call to put it on hold', 'iphone'
'iPhone Slate Black was the best looking iPhone ever', 'iphone'
'Outstanding move', 'iphone'
'Opening airpods around multiple iPhones', 'iphone'
'Throwback Back when you didn t need a Pop Socket or kickstand to hold up your phone', 'iphone'
'My Iphone is ready to E X P L O D E', 'iphone'
'Any idea on how to report this ad It showed on my little brothers iphone app called pixel art Seriously', 'iphone'
'Can we please have imessage dark mode', 'iphone'
'What Unbox Therapy thinks the XR screen looks like', 'iphone'
'Toddler girl playing with Animoji s on my iPhone XR So cute So funny', 'iphone'
'This should become a permanent thing on iOS', 'iphone'
'Who thinks the iPhone is still the best looking iPhone', 'iphone'
'Got my iPhone back thanks to Find My iPhone', 'iphone'
'Just upgraded this past weekend Before I send the in for trade in here s a glamour shot', 'iphone'
'What about a Terminator Cover', 'iphone'
'Anyone else get annoyed by the fact that these buttons switch when you go into landscape mode', 'iphone'
'Found this Qi wireless charging stand on Amazon It also charges Apple Watch and AirPods', 'iphone'
'I have never loved looking at my home screen so much', 'iphone'
'iPhone X screen burn in at the Sprint store', 'iphone'
'Black and gold you either love it or hate it', 'iphone'
'Oh now I understand why it didn t save', 'iphone'
'Do you think apple will actually step up their limited lighting capabilities I have the iPhone XS right now and recently tried a pixel for the night mode and other modes It was incredible It wasn t enough to consider a Permanent switch Still iPhone used to be top dog in cameras', 'iphone'
'I transformed a trashed iPhone S into a RED one', 'iphone'
'My friend gifted me this dock Absolutely love it', 'iphone'
'if they update nothing about the iPhone in and just restyle it to match these new iPads I d be pretty stoked OC quick Photoshop', 'iphone'
'How nice of Uber to give us this feature now that Apple requires them to', 'iphone'
'iPhone XR according to YouTubers', 'iphone'
'Anyone else get this level of discrepancy on their AirPods', 'iphone'
'Steve Jobs making first public call from an iPhone', 'iphone'
'Wholesome', 'iphone'
'Looking for some feedback on my camera dongle idea', 'iphone'
'My iPhone Pro survived a drop off my car wing mph thanks to Apples leather case', 'iphone'
'Isn t this true', 'iphone'
'PSA If two alarms go off at the same time Alarm calendar or alarm bedtime wake up they cancel each other', 'iphone'
'to XS upgrade The colours and blacks are gorgeous on the OLED screen', 'iphone'
'The iPhone X has changed my life', 'iphone'
'It s not just a fruit phone', 'iphone'
'Grandma s butter container', 'iphone'
'My new iPhone X lives his own life WTF', 'iphone'
'Judge blocks FBI from forcing fingerprints from targets to unlock iPhones', 'iphone'
'This is not my post but I found it funny', 'iphone'
'Case security at its finest', 'iphone'
'Two boxes separated not by inches but by years', 'iphone'
'My grandma is still getting used to her new wireless charger', 'iphone'
'Amazing that year old iPhones are being advertised in', 'iphone'
'Definitely better value', 'iphone'
'A much needed change to iOS that s not talked about Hopefully iOS', 'iphone'
'RIP iPhone', 'iphone'
'Modern retro', 'iphone'
'If you ever wondered how the iPhone leather cases are made', 'iphone'
'My dad still has his original iPhone packaging in mint condition', 'iphone'
'When you lose one air pod and then you buy another one and you finde the first one', 'iphone'
'It s and I m still loving the iPhone SE s design', 'iphone'
'iPhone X explodes while upgrading to', 'iphone'
'Been keeping tabs on every iPhone XR color I ve seen in the wild since launch', 'iphone'
'With OLED iPhones this is how notifications should look when the screen is off', 'iphone'
'Just like magic', 'iphone'
'How many people use D Touch on their iPhones I think it s a pretty cool feature', 'iphone'
'Am I the only one who misses this control center', 'iphone'
'iPhone cases spotted in the wild', 'iphone'
'Voice memos app icon is waveform for the word Apple', 'iphone'
'What color iPhone do you guys own After half a year of owning this I am in love with my gold XS Max Picture taken with my BF s XR', 'iphone'
'Does anyone know why Other is taking up so much', 'iphone'
'fun fact your iPhone runs at of its normal speed when low power mode is on', 'iphone'
'This case functionally gives my iPhone a USB C port Now I only need one cable to charge everything', 'iphone'
'Received my retro skins nice combo', 'iphone'
'Between two stations I saw upward of fifteen iPhone XR posters this evening not counting this entire platform now dedicated to the phone Guys i think they might want us to buy it', 'iphone'
'Please apple make this happen', 'iphone'
'Portrait mode glitch in iOS', 'iphone'
'My beef with ios who the hell thought this was a good idea', 'iphone'
'Apple will remove D touch from all iPhone models', 'iphone'
'Never knew this existed Little things like this are fun to find', 'iphone'
'My gold iPhone XS Max with red skin Iron man will be pleased', 'iphone'
'Ran my new iPhone through the X Ray machine at work', 'iphone'
'iPhone falling down a few floors', 'iphone'
'Such an underrated feature', 'iphone'
'Apples retail bags take it up a notch', 'iphone'
'Awkward', 'iphone'
'Yes plaese categorise the emoji in iOS', 'iphone'
'My phone just reminded me to turn off my daily work alarms bc it recognized tomorrow as a holiday What a cool feature', 'iphone'
'Imagine one day this is widely available It d be so cool', 'iphone'
'I made my own iPhone in April Today I changed the red buttons buttons of the custom red case to space grey buttons It took hours and it was hard I want to know that if it looks good or bad So I tought I should share this', 'iphone'
'Sleep tight', 'iphone'
'Should this sub just be renamed to r LookAtMyNewiPhone', 'iphone'
'I love this screen but damn is it a slap in the face', 'iphone'
'Live Wallpaper Kimi No Na Wa', 'iphone'
'I just added drifting to my AR physics sandbox', 'iphone'
'My iPhone X when I turn it on Is that FaceiD', 'iphone'
'Don t need to change though', 'iphone'
'My wallet feels a little bit lighter', 'iphone'
'What is this', 'iphone'
'Since Apple removed the Wishlist in iOS this is another great way to save apps for later You can store them inside a single note if you like The links are live you can tap them and takes you right to the app in the App Store', 'iphone'
'Guys it wasn t just Other all along', 'iphone'
'The way this water drop moves on an iPhone', 'iphone'
'Old iPhones framed', 'iphone'
'The A chip in Apple s cheapest iPhone SE beats the most expensive Androids', 'iphone'
'Controller Support Mount Apple Arcade Heaven', 'iphone'
'I got a matte back protector for my gold iPhone this is what it looks like', 'iphone'
'These types of apps shouldn t belong to the App Store', 'iphone'
'Anyone else think the iOS iOS notification centre change was a major downgrade looks so much better', 'iphone'
'YAY', 'iphone'
'New iPhone owners Make sure you change the default camera settings from potato to K fps', 'iphone'
'iPhone Pro design leaks in iOS code thoughts', 'iphone'
'Space Grey is the nicest colour Change my mind', 'iphone'
'Ahhh right hrs', 'iphone'
'TIL there s no character limit for group names in Messages It s the entire script for Paul Blart Mall Cop', 'iphone'
'It works like a charm onlyapple', 'iphone'
'nd gen AirPods arrived', 'iphone'
'Found an iPhone S in a box of calculators at a charity shop for p', 'iphone'
'No one has posted that long pressing space bar lets you move the cursor on iPhone XR for at least minutes Is everyone OK', 'iphone'
'XI you say', 'iphone'
'If Apple actually releases the next SE as this I d probably trade my XS for it', 'iphone'
'Got sick of waiting for AirPower but this should do for now', 'iphone'
'Just realised there s haptic feedback when I Upvote or Downvote', 'iphone'
'Wait How much free space do I have', 'iphone'
'Sites such as DuckDuckGo detect iOS dark mode', 'iphone'
'Mods are asleep upvote iphone G', 'iphone'
'Leaked', 'iphone'
'A guy attempted to scam me on Ebay last week he won the auction for my iPhone Plus and sent spoof emails from Ebay and Paypal saying the money would be released once the item was sent and a tracking number was made available I sent him the iPhone Plus he deserved', 'iphone'
'All the new XR Colors lined up', 'iphone'
'iPhone XR vs iPhone plus wifi speeds when feet from router results are not good', 'iphone'
'Less people are upgrading', 'iphone'
'This Huawei thing has gone too far now ffs', 'iphone'
'When you find your old iPhone GS the day before your iPhone XS Max arrives and this is what you re greeted with', 'iphone'
'You ve hurt me too many times', 'iphone'
'Apple apologizes for iPhone slowdown drama offers battery replacements', 'iphone'
'As someone who has a GB iPhone Thanks for making this easier', 'iphone'
'Delft Blue looks very nice', 'iphone'
'If you want to hide something on your screenshot it s much easier to use a big solid rectangle instead of the pen', 'iphone'
'Here is a diagram of the iPhone Pro Notch via jon prosser', 'iphone'
'Finally got it to work I hope it never stops', 'iphone'
'When your alarm knows you re just going to sleep through it and just gets straight to the point', 'iphone'
'Another phone returned via dolphin', 'iphone'
'Sync your Philips Hue lights with your iPhone no jailbreak', 'iphone'
'Imitation is the best form of flattery', 'iphone'
'So I finally bought some AirPods on Wednesday my dog had other ideas', 'iphone'
'It s so pretty in person', 'iphone'
'It s about that time of night usually when you fire up the ol porn', 'iphone'
'Star Trek predicted the notch and rounded corners too', 'iphone'
'In Apple museum in Prague Czech Republic', 'iphone'
'Just sorted my grandad out with a much needed upgrade', 'iphone'
'I don t understand the point of News if I can just look up the story for free from the website', 'iphone'
'Carrot Weather Keeping It Relevant', 'iphone'
'Booted up my old iPod touch and found this gem of a software', 'iphone'
'My Retro Skinned Gold XS Max', 'iphone'
'Could not cross post so there it is', 'iphone'
'Apple Logo Refresh', 'iphone'
'Decided to make a mockup tonight of my ideal iPhone Touch ID and the front facing camera located behind the edge to edge screen the camera bump is gone and the triumphant return of the aluminum bands and circular buttons of the iPhone SE', 'iphone'
'It s a long way from the USA to Italy but I finally got this vintage skin Yay', 'iphone'
'Apple should change the button Buy to something like Get or Download when downloading free apps to prevent confusion', 'iphone'
'I m moving soon and found this gem', 'iphone'
'Even the iPhone models doesn t include the Lightning to mm adapter anymore', 'iphone'
'Transformation of the iPhone into the Black matte iPhone Apple LED logo backlight', 'iphone'
'I really didn t need GB of storage', 'iphone'
'Rest in peace', 'iphone'
'Sophia Blue would be a great color', 'iphone'
'iPhone was released years ago today By far the finest phone design ever to be created by Apple', 'iphone'
'Apple ending support for iPhone', 'iphone'
'my first design phone case', 'iphone'
'The revolutionary Duckpods appletechig', 'iphone'
'Owning an iPhone in starter pack', 'iphone'
'Many people asked to see the matte back protector in different lighting angles for the gold iPhone Xs here you go', 'iphone'
'Thank you Apple', 'iphone'
'Remote play is here', 'iphone'
'My Reaction to all the Android fanboys on the front page making fun of the new Iphone', 'iphone'
'Hmmmmmm', 'iphone'
'concept Swipe up to hide calls', 'iphone'
'Booted up my original iPhone None of the apps work anymore', 'iphone'
'The weather app animations slow down as you swipe and hold between locations', 'iphone'
'Crossposted from r knolling My old iPhone s went for a swim so I put it to good use and hung it above my desk', 'iphone'
'I believe this case is anti theft since it s impossible to take your phone out of any pocket when having this case on', 'iphone'
'ye', 'iphone'
'iPhone XR I saw this case in Media Markt German Electronic Store D', 'iphone'
'months of work', 'iphone'
'The iPhone is now the internet s preferred porn streaming device', 'iphone'
'Penny for scale Customer claim iphone xr would not charge This lint was in the charge port', 'iphone'
'This is now a thing at Costco', 'iphone'
'My iPhone Collection also some iPods but just to keep everything in place', 'iphone'
'Your iPhone vibrates when you upvote on reddit a app now', 'iphone'
'Every Single Time', 'iphone'
'Made a Humble iPhone SE Concept', 'iphone'
'State of this sub right now', 'iphone'
'Opened my new W fast charger for Christmas and was rewarded with someone having stolen it and replaced it with a W iPad charger It was purchased on Amazon and the packaging wasn t damaged After letting Amazon know they sent out a new one but still thanks a lot some jerk', 'iphone'
'Am I the only one that thinks this design is much better', 'iphone'
'Notch', 'iphone'
'Three Generations of iPhone Cases', 'iphone'
'Mom hid it in a shoebox so she was nearly as excited as me when I opened it Merry Christmas', 'iphone'
'Hey Siri play music on Spotify Spotify adds Siri support on iOS', 'iphone'
'Got the Slickwraps Skin', 'iphone'
'Apple please make this an option to stay on our lock screens in iOS', 'iphone'
'The Smart Battery case for and pro has a physical camera button that launches the camera app', 'iphone'
'Made the leap', 'iphone'
'Don t buy the iPhone X Animoji will ruin your life', 'iphone'
'No thanks I m driving', 'iphone'
'There s a difference between the video ads for the United States and the United Kingdom', 'iphone'
'Ouchhhh', 'iphone'
'LPT Move multiple iOS apps at the same time by tapping other apps to add them to a stack once you have started moving your first app', 'iphone'
'Just found my iPhone like this in the drawer', 'iphone'
'Every single iPhone wallpaper from to', 'iphone'
'Oddly satisfying', 'iphone'
'Celebrate Today is one of days each year where Google Calendar s iOS app icon is correct', 'iphone'
'watt adapter charged my XR in minutes', 'iphone'
'I love my new night stand All the devices in one place looking so cleaned up Just missing a place for my iPad but that s the only device I do not load ever night so that s ok', 'iphone'
'Apple responds to AG Barr over unlocking Pensacola shooter s phone No', 'iphone'
'ever just read your app update descriptions or is that just me', 'iphone'
'This is iPhone next to S', 'iphone'
'Turns out my wife doesn t like Animoji', 'iphone'
'Which iPhone is your favorite', 'iphone'
'When your phones on some new shit', 'iphone'
'iPhone XR s copy has been changed on Apple s homepage for the third time', 'iphone'
'Fixed the WiFi on my iPhone s and downgraded to iOS Works great', 'iphone'
'My iPhone Xs Max with apple silicone case fits absolutely perfect in my cup holder slider', 'iphone'
'My Smartphone Adventure', 'iphone'
'Apple revealed new Airpods Pro', 'iphone'
'I ve done it too', 'iphone'
'How can I delete one word from autosuggest', 'iphone'
'New iPhone display at the Apple Store', 'iphone'
'Is anyone else annoyed iMessage doesn t have a dark mode yet', 'iphone'
'This is how I think the lock screen should look when there is no music or notifications', 'iphone'
'This is ridiculous', 'iphone'
'Old times sake', 'iphone'
'Ok Apple now you re just taking the piss', 'iphone'
'This week after I deleted Facebook Messenger Instagram and WhatsApp', 'iphone'
'IQ plays', 'iphone'
'hmmm', 'iphone'
'Oh now you re just teasing us', 'iphone'
'That s some aggresive XR marketing', 'iphone'
'After all of the posts from those barbarians here s something from a normal person', 'iphone'
'At least we should have an opportunity to temporarily hide calls from someone who really distracts us at the moment instead of putting the whole phone into Do Not Disturb mode', 'iphone'
'seems legit', 'iphone'
'The attention to detail', 'iphone'
'My co workers iPhone', 'iphone'
'Scratch gate isn t real Just don t keep your iPhone in your purse full of other shit', 'iphone'
'Ok I check settings a lot but not THAT much', 'iphone'
'iPhone X Lock Screen on Samsung Galaxy in Origin Energy Ad', 'iphone'
'Today was upgrade day', 'iphone'
'It s criminal how intrusive the volume is Apple fix this', 'iphone'
'The skin work like wonder', 'iphone'
'My collection', 'iphone'
'I really wish Apple made it look like this', 'iphone'
'On weekdays Maps says how long it is to work On weekends', 'iphone'
'Every iPhone unlocked one after the other', 'iphone'
'i made this stupid iPhone animation render a few days ago i hope you like it', 'iphone'
'I have an obsession with Space Gray and retrowave backgrounds', 'iphone'
'Newest iPhone and Apple Watch dock done x post to something I made', 'iphone'
'My iphone and XS Max', 'iphone'
'Apple blaming cheap repairs for weak sales', 'iphone'
'Look at your local store', 'iphone'
'One of my favorite features of iOS is the ability to use my iPhone or Apple Watch as a contactless student ID to open doors pay for meals etc This feature currently only works at universities', 'iphone'
'What if iPhones required you to enter the passcode or fingerprint in order to shutdown Would this prevent jerks from stealing your phone and turning it off before you have a chance to use Find My iPhone', 'iphone'
'A lot of people showed off their perfect collection so I thought of showing the collection of clumsy me', 'iphone'
'About dollars and minutes Thanks for the overpriced repair quote Apple righttorepair', 'iphone'
'First world solutions', 'iphone'
'iPhone Xs Xs Max demo unit screensaver', 'iphone'
'Just found my old jailbroken iPhone G still alive and kicking', 'iphone'
'Glad to see the YouTube volume bar continuing to do its job in spite of unexpected interference', 'iphone'
'I built that Apollo Reddit app and our local animal shelter is over run with kittens and running low on food so I m donating of proceeds from Apollo today to them if you re interested at all in Apollo', 'iphone'
'Underrated feature', 'iphone'
'New iPhones Are Shipping', 'iphone'
'I think I had a record increase in screen time', 'iphone'
'You have infinite zoom if you edit a photo and crop it just a little bit', 'iphone'
'Found this email from a decade ago announcing The Fastest Most Powerful iPhone Yet', 'iphone'
'iPhone Pro with LiDAR render based on the latest Bloomberg rumour', 'iphone'
'Woz', 'iphone'
'Apple confirms B acquisition of Intel s smartphone modem business', 'iphone'
'Got this at a flea market for a few months ago', 'iphone'
'Found them all total is completely different Apple Logos', 'iphone'
'This what happens when my iphone touches the Huawei P Pro', 'iphone'
'Apple Pay coming to all US Target locations Taco Bell restaurants', 'iphone'
'Did anyone else know you could do this by D touching and holding down on a word that you want to duplicate', 'iphone'
'Users complain iOS is too aggressive in killing background apps', 'iphone'
'How is this possible', 'iphone'
'Best spent iPod and iPhone GS GB', 'iphone'
'This slider in safari browser', 'iphone'
'Pro Tip Turn off flashlight more easily by partially swiping home screen left', 'iphone'
'wish my lock screen stayed this way', 'iphone'
'Found the case for the next iPhone at my local Walmart', 'iphone'
'Old iPhone given the Clear Edition treatment Complete with de lidded EMI shields and nonexistent antennas', 'iphone'
'gorgeous gif from the new Apple store in Tokyo s Shinjuku district', 'iphone'
'IOS Concept', 'iphone'
'This universal charger cable isn t even pretending to be MFi', 'iphone'
'Fun fact if you downgrade an Activation Locked iPhone S to iOS before it was even introduced it d still be locked', 'iphone'
'Original iPhone next to Apple Watch', 'iphone'
'The first thing that came to my mind when AirPower was canceled', 'iphone'
'Apple investor Warren Buffett finally upgrades from a flip phone to an iPhone', 'iphone'
'If you make this your lock screen it appears animated when you turn your phone on', 'iphone'
'Check out my all carbon EDC What do you think of it', 'iphone'
'Thank you Apple', 'iphone'
'to X after years Loving it', 'iphone'
'It is finally done', 'iphone'
'Apple Evolution', 'iphone'
'My first gen iPhone iPad and iPod nano', 'iphone'
'If the iPhone came out in the s', 'iphone'
'My concept to make this more useful', 'iphone'
's to the Xs mild upgrade', 'iphone'
'Apparently the iPhone warns you when it may be a scam And it was', 'iphone'
'Trolling others over privacy at CES', 'iphone'
'Good guy Safari Apple are really serious about its privacy', 'iphone'
'iPhone Lineup', 'iphone'
'This guy always staring at me can t unsee it', 'iphone'
'Tim Cook s letter illustrated', 'iphone'
'How many of you don t use siri at all', 'iphone'
'Gen Z says everyone has an iPhone these days and if they don t they get left out of group chats', 'iphone'
'After first getting it in ten years ago my father finally upgraded from an iPhone G to Plus He s going from a screen running iOS to running', 'iphone'
'I now have an iPhobia', 'iphone'
'My iPhone collection as of yesterday Just missing G SE and the plus models', 'iphone'
'The Originals', 'iphone'
'I see your attention to detail post and counter it We have a star man in space and this still exists', 'iphone'
'Apple promoting apps with dark mode', 'iphone'
'Instagram for iOS updated with support for Dark Mode in iOS', 'iphone'
'iOS Disables Lightning Connector After Days Limiting Law Enforcement Access', 'iphone'
'My mom picked up little brothers phone This message appeared with her name and not his Can anyone explain how it got there', 'iphone'
'Finally upgraded after years let s see how long this one lasts', 'iphone'
'RIP my GB model A', 'iphone'
'Zoom iOS app quietly sending data to Facebook even if you have no account', 'iphone'
'You ever look at your XS and think that in years it ll be old technology', 'iphone'
'Apple needs to bring back landscape album view to IOS', 'iphone'
'The most overlooked feature in iOS', 'iphone'
'Apparently this is the Megaplex theater in South Jordan UT Thanks for getting me here just in time for my showing Apple', 'iphone'
'I guess apple maps is getting a street view feature I ve seen three of these this morning and I live in a fairly small town', 'iphone'
'My Apple Support agent exudes confidence', 'iphone'
'Kuo Next year s iPhone to look similar to the iPhone as part of significant chassis redesign to Mac', 'iphone'
'Dark Mode vs Light Mode Battery Test', 'iphone'
'My mom decided to upgrade her iphone s to the Plus', 'iphone'
'Microsoft says it would love to work with Apple to bring iMessage support to Windows', 'iphone'
'EQ settings should allow to adjust each device separately', 'iphone'
'r Android', 'iphone'
'DigiTimes Apple Considering Bundling AirPods With iPhones', 'iphone'
'Facebook Tried to Buy Spyware Technology to Spy on Apple Users', 'iphone'
'I ve done it the set is completed', 'iphone'
'Looks like a new scam coming to town so watch out', 'iphone'
'Apple has hit a Trillion valuation', 'iphone'
'With all this iPhone X hype the notch is even more popular', 'iphone'
'All iPhone tricks in one posting', 'iphone'
'Mous case website shows SE', 'iphone'
'Apple Maps will soon display COVID testing locations', 'iphone'
'Finished my wall project with an iPhone', 'iphone'
'iPhone s and iPhone XR side by side', 'iphone'
'Genius Bar at SoHo Apple Store September', 'iphone'
'FaceID on iPhoneX this is what your eyes don t see', 'iphone'
'YES', 'iphone'
'It s a ducking miracle', 'iphone'
'Just managed to downgrade my iPhone G to os HOLY CRAWFISH IT S ONLY A HUNDRED MEGABYTES', 'iphone'
'The volume bar bug on YouTube is fixed', 'iphone'
'Apple releases iOS', 'iphone'
'My first ever iPhone next to my latest To think I was blown away with the G and now it can do so so much more', 'iphone'
'The second raindrop isn t parallel', 'iphone'
'Funny iPhone case', 'iphone'
'I love how my asus monitor has a charging pad built in', 'iphone'
'With iOS CarPlay gets a new look', 'iphone'
'How did my friend use a bold serif font in iMessage', 'iphone'
'Obviously they didn t copy the notch', 'iphone'
'Switching apps on iPhone X', 'iphone'
'Hair Force One has landed', 'iphone'
'PhoneBuff tested the XS Max up against the Note and Pixel XL Even with the GB RAM the Note has the XS Max completed the same tasks seconds faster than the Note and over a minute faster than the Pixel XL', 'iphone'
'My iPhone XS Max Silicone case says Designed by Apple in Celifornia', 'iphone'
'My Wallpaper collection Just in case if you re interested', 'iphone'
'Didn t know about this but clock hands adjusts to the time that was typed', 'iphone'
'So this is what it has come down to', 'iphone'
'The new iPhone SE is a shockingly good value', 'iphone'
'Is there an iPhone App which can create Photos like this', 'iphone'
'My face when they announce the new iPhones', 'iphone'
'I ve had trouble with charging for a while despite cleaning the port with a stiff piece of card and thinking it was clear of lint Today I went to town using a paper clip Wow Headphone jack too Charging perfectly again', 'iphone'
'The iPhone s shipped with IOS major OS updates ago and it is not only supported but runs faster on the newest version IOS', 'iphone'
'That must be a Ap ple phone', 'iphone'
'All I want from Apple is to add this album view to the Music app', 'iphone'
'Notifications with Parallax View', 'iphone'
'Framed my old broken iPod Inspired by u eljefeargentino Not quite as good though', 'iphone'
'Screen size comparison with the new models mm', 'iphone'
'Let users do the things they do most often', 'iphone'
'We sorted all the iPhone in my class by release date', 'iphone'
'Who thought of this in the first place', 'iphone'
'Apparently if you do this enough times it will crash the phone This was the last one it could handle', 'iphone'
'Some Apple employees are getting Apple Card so I received this photos edited the name to protect the source and this also works as a watermark', 'iphone'
'Hmmm', 'iphone'
'Apple giving retail and hourly workers unlimited sick leave for coronavirus like symptoms', 'iphone'
'Guys This is called r iPhone for a reason stop posting your damn iPads MacBooks AirPods etc', 'iphone'
'iOS Concept', 'iphone'
'r iPhone Bingo', 'iphone'
'Pacific Gas and Electric aka Big Ass Electric Company', 'iphone'
'Finally received my iPhone X', 'iphone'
'There should be an option to hide apps games with IAP purchases while browsing on the App Store', 'iphone'
'IR video of Face ID unlock', 'iphone'
'Beautiful', 'iphone'
'You can now see and report speed traps road hazards and more in Google Maps', 'iphone'
'If you have the lyrics bubble selected in Apple Music and a song without lyrics comes up next they keep the funky background I wish this was a permanent feature instead of just a glitch', 'iphone'
'year worth of lint from my pant pockets', 'iphone'
'Apple in a second', 'iphone'
'UoU', 'iphone'
'Ruined my logic board trying to replace a battery Decided to frame an exploded view of my', 'iphone'
'My iPhone cake from Happy birthday iPhone', 'iphone'
'To the people with iPhone X s have you ever taken off your case just to admire you phone', 'iphone'
'My friend got a little bored', 'iphone'
'Live wallpaper by Pablo Rochat', 'iphone'
'Sick upgrade G to s s', 'iphone'
'Took iPhone to the genius bar was told it was dead', 'iphone'
'My dream iPhone Apple please', 'iphone'
'After many years my father finally upgraded', 'iphone'
'Now I understand why my grandfather always told me he had an iPhone', 'iphone'
'My friends mock me but I really find my apps faster like this', 'iphone'
'Here s how the two new iPhone sizes may compare to the rest of the line up', 'iphone'
'iPhone XS Max battery outlasts Pixel XL and Samsung Note in latest test', 'iphone'
'Apple Being Sued for Purposefully Slowing Down Older iPhone Models', 'iphone'
'Top notch kaleidoscope generating software', 'iphone'
'What are you going to do notify me that it s dark', 'iphone'
'My iPhone xs Max is working as expected', 'iphone'
'iOS Feature Request Force Touch Bluetooth or WiFi Here to Take You to Their Settings Page to Disable', 'iphone'
'There we go', 'iphone'
'Still have my old iPods and', 'iphone'
'A woman is suing Apple because she didn t think the iPhone had a notch', 'iphone'
'I have converted my iPhone box into a wireless charger', 'iphone'
'I feel like we should be able to tap these for small precise adjustments', 'iphone'
'After years in storage I decided to see if my iPod which was water damaged years ago would work it TURNED ON', 'iphone'
'Alarm countdown went past', 'iphone'
'Friendly reminder that if your phone isn t charging to clean out any fluff buildup', 'iphone'
'I was wondering why my phone wouldn t charge', 'iphone'
'Life hack for lighting cable', 'iphone'
'Wouldn t it be nice if you could jump to an App s settings using D touch', 'iphone'
'Dark mode available for Chrome', 'iphone'
'The way this border wallpaper fades in is extremely satisfying', 'iphone'
'iMore Turns out GB in an iPhone probably is enough after all', 'iphone'
'This is the epitome of developer laziness', 'iphone'
'Feels so good in hand', 'iphone'
'Gotta love black', 'iphone'
'All iPhone models to have in display Touch ID with the high end model to feature in display selfie camera', 'iphone'
'Apple s website still hosts an interactive tour of the iPhone GS', 'iphone'
'Just switched to the Apollo reddit app This shit is phenomenal', 'iphone'
'I put the Anniversary Skin on a super slim case turned out pretty well', 'iphone'
'Apple Now Requires iOS Games Like Hearthstone And Clash Royale To Reveal Loot Box Odds', 'iphone'
'I compared the iPhone s keynote to the Xs s', 'iphone'
'surprisingly big album of iPhone wallpapers', 'iphone'
'Phones without headphone jacks are here and they re annoying AF', 'iphone'
'Dear Apple The old ones were better A lot better', 'iphone'
'How did this even happen', 'iphone'
'Beautiful phone wallpapers art by Mattia Lau', 'iphone'
'The iPhone X IR dot pattern', 'iphone'
'Some asshat is going to design an app for the iPhone X that forces you to look at your phone during advertisements', 'iphone'
'March Apple Event confirmed It s Show Time', 'iphone'
'I didn t realize the back of the case was clear so I got a skin for it', 'iphone'
'Thought I d share my favorite iOS wallpaper artist', 'iphone'
'Yes we all had dreams back then', 'iphone'
'Nightstand Dock for iPhone Watch and AirPods', 'iphone'
'Guys you weren t even kidding Thanks for the tip Pun absolutely intended', 'iphone'
'Have mobile phone cases gone too far x post from r sydney', 'iphone'
'The entire home screen of the original iPhone x pixels is about the size of icons on the iPhone X home screen x pixels This pic shows one overlayed on the other', 'iphone'
'I made a glass iPhone to see how it would feel', 'iphone'
'k Gold iPhone Plus', 'iphone'
'Another amazing use of FaceID sensors on iPhone X', 'iphone'
'Apple is allowing independent repair shops to officially service iPhones', 'iphone'
'Apple may get back to TRN soon', 'iphone'
'Steve Jobs Responding to Hostile Questioning at the WWDC', 'iphone'
'I d like to thank Best Buy and Google for my new charger', 'iphone'
'Zoom Updates iOS App to Stop Sending Data to Facebook', 'iphone'
'Apple s iPhones are turning it into a luxury brand and it could lose a whole generation of customers', 'iphone'
'Take from an iPhone X s s and a Gs', 'iphone'
'Much Better', 'iphone'
'Finally upgraded from my Collection complete for now', 'iphone'
'iPhone name spotted on Verizon s trade in page', 'iphone'
'Imgur user finds elaborate fake', 'iphone'
'I love this Wireless charging mousepad', 'iphone'
'Would be nice to be able to rename Bluetooth devices again because it s a pain to be guessing And I say again because I know this was possible before and now it s only for certain devices Just like you can do this on the Mac', 'iphone'
'The iPhone lineup', 'iphone'
'After years with Android I finally made the jump', 'iphone'
'Iphone X running ios weird glitch Got fixed when i restarted my phone but its kinda funny tbh', 'iphone'
'It s been an expensive but amazing two weeks', 'iphone'
'Apple closes all retail stores in Italy until further notice due to coronavirus pandemic', 'iphone'
'Apple Smart HDR was choosing the wrong base frame for HDR processing when you took a selfie iOS will improve selfie quality on the iPhone XS and XR Apple confirmed', 'iphone'
'Just a friendly reminder that there is a way to close all safari tabs at once by holding down the tab icon', 'iphone'
'iOS getting Dark Mode while CarPlay getting Light mode Fuc ing beautiful iOS', 'iphone'
'IPhone SE keeps telling me that I m out of storage but it isn t Any tips sorry if I m not the first one asking this question', 'iphone'
'Shortcuts is definitely the best feature Apple has given us', 'iphone'
'iPhone X banner in Los Angeles', 'iphone'
'Just got my first iphone ever after using android for over years and I m in love', 'iphone'
'Apple Ok with sterilizing devices Please do Your device surface is pretty dirty as is', 'iphone'
'FYI If you re going to by an iPhone used make sure the calculator and calendar works', 'iphone'
'YouTube Premium finally supports p downloads in iPhone', 'iphone'
'Finally found a way not to lose my pods', 'iphone'
'Me on friday', 'iphone'
'No more sound bar in the middle of the screen in iOS', 'iphone'
'The iPhone s facial recognition technology is way better than its competitors', 'iphone'
'Well Why Not', 'iphone'
'UPS driver delivers iPhone X to a Florida home right on time but then returns to STEAL it two hours later', 'iphone'
'New year new screen Color coding makes it easier to find apps', 'iphone'
'Sold my iPhone X soon after buying an SE for beta testing This little thing is lightning fast on iOS and I love the size', 'iphone'
'Rumor iOS to support all of the same iPhones as iOS including iPhone SE', 'iphone'
'Official YouTube app gains a dark mode', 'iphone'
'Apple should add to the temperature timeline aswell', 'iphone'
'Fun fact If you load a website using Chrome and request the desktop site the site will believe you re using macOS', 'iphone'
'It s a bug wish it was a feature', 'iphone'
'This is a thing with Roku and console controllers why not Apple TV', 'iphone'
'iPhone Pop Art', 'iphone'
'TIL that you can D Touch a folder to get a shortcut to an app with a notification', 'iphone'
'One day', 'iphone'
'My first phone Firefly vs my newest phone iPhone Plus', 'iphone'
'Going through my photos and apparently I took screenshots of my snoozes a few times last month', 'iphone'
'enter passcode', 'iphone'
'Apple For the love of God let us do this', 'iphone'
'I was doing some digging and discovered that Apple came up with Face ID back in', 'iphone'
'Found this picture from when I realized I could fit my hand behind my Plus when I first got it I still find it hilarious', 'iphone'
'I thought you guys might like this', 'iphone'
'Curse you front facing camera', 'iphone'
'Attitude Adjuster finally updated', 'iphone'
'So I m having my AirPods replace for a volume issue and I get this shipping information Uh ok then sure if that s how you wanna do it', 'iphone'
'Quick Tip Tap hold and drag to delete multiple photos at once', 'iphone'
'iPhone apparently just entered mass production so it should launch soon', 'iphone'
'An iPhone screen size comparison I made', 'iphone'
'B S animation', 'iphone'
'Pro Tip to quickly turn off the flashlight from the lockscreen do a tiny swipe to the left', 'iphone'
'I can t believe we still can t ignore calls without having to decline them Please tell Apple to allow users to ignore calls', 'iphone'
'Nice', 'iphone'
'If the iphone was created in the style of apples retro computers OC', 'iphone'
'Is it possible to remove this crap Memojis from the emoji keyboard', 'iphone'
'Lasted me a good few years but I ve recently written off two of my babies', 'iphone'
'Great error message', 'iphone'
'iPhone Pro Max cruises past Samsung Galaxy Note in battery life test', 'iphone'
'How the PRODUCT RED iPhone leather case ages after a year', 'iphone'
'yrs ago today iOS was announced at WWDC making it the first complete redesign of iOS since A giant leap from Steve Jobs and Scott Forstall s iconic skeuomorphic design', 'iphone'
'IT S NOT AN iPHONE TEN', 'iphone'
'What kind of wizardry does the iPhone Pro have in it s speaker sound I was watching a movie thinking cool the sound is awesome all of a sudden I m hearing trumpets on my right I turned my head to the sound wondering where these trumpets are coming from and realised it was the iPhone', 'iphone'
'Brazilians are asking for a capybara emoji', 'iphone'
'How did I only learn today that you can set a timer to stop music automatically', 'iphone'
'Just found this guy he s even running iOS', 'iphone'
'Finally made the switch', 'iphone'
'For people getting X in Christmas iPhone X interactions as a phone background image', 'iphone'
'Even Steve admits you can t start your journey without asking', 'iphone'
'G G', 'iphone'
'Android sucks ten times more private data than iPhone study says', 'iphone'
'When you use your phone to make rapping cat videos', 'iphone'
'iPhone XS Max purchased from Apple Store turned out to be a China Phone', 'iphone'
'High Quality iPhone S S Case Give Away', 'iphone'
'Proof AirPods are just dental floss', 'iphone'
'Such a waste of time Yet best thing I did all day', 'iphone'
'Just encountered my first error on my XR', 'iphone'
'Can this stupid screen be disabled', 'iphone'
'I guess we ll have to wait for iOS to see this feature', 'iphone'
'It s been loooooooong years but my update is finally here and my God is it glorious', 'iphone'
'Is it too much to ask for for the ability to custom name BT connections', 'iphone'
'Apple outsold every other smartphone manufacturer last quarter', 'iphone'
'Don t use FaceApp if you want to keep the rights to your photos', 'iphone'
'Two real world Night Mode examples', 'iphone'
'I love the tips that iOS gives us My husband thinks it s pointless and deleted it but from time to time it shows me things I didn t even know about like this Turning a screenshot into a full page PDF I think this is so cool', 'iphone'
'I think the sunflower leather case is pretty under appreciated', 'iphone'
'My iPhone Pro saved me at work this week', 'iphone'
'Why does everything related to Music has to be broken on iOS', 'iphone'
'How I spend most of my time on the Fb app', 'iphone'
'Apple unveils new iPad Pro with Magic Keyboard case available to order today', 'iphone'
'TIl you can just simply slide finger across photos to select multiples', 'iphone'
'The little red thingy', 'iphone'
'Unlocking every iPhone at once x post r gifs', 'iphone'
'The iPhone G goes on sale Fashion Valley Mall San Diego', 'iphone'
'I feel my iPhone took its best guess', 'iphone'
'Made a new game in iOS', 'iphone'
'Apple s iPhone could look like the iPad Pro', 'iphone'
'My friends and I are doing a competition to see who can use their phone the least this week Two of them have already given up but I m proud of myself so far', 'iphone'
'Using iOS for a few days now I really dig this message', 'iphone'
'All of you complaining about the upvote button being too far Use D Touch', 'iphone'
'My mom said her Safari was kinda sluggish', 'iphone'
'Apple Pay Users Can Get Free McDonald s Fries With Purchase Today', 'iphone'
'The Late s iPhone starter pack', 'iphone'
'This icon just popped up iOS public beta', 'iphone'
'Fun fact Flag emojis are sorted alphabetically', 'iphone'
'The XR is the best selling iPhone', 'iphone'
'What would I do without Apple s incredibly helpful messages', 'iphone'
'iPhone vs iPhone Camera full zoom quality iPhone iPhone', 'iphone'
'I made myself a cardboard iPhone charging stand', 'iphone'
'With new OLED iPhones I wish Apple would allow front LED notification lights', 'iphone'
'Dear Apple if the keyboard autocorrects a word to a capitalized proper noun and I immediately erase it the shift button should not be pressed', 'iphone'
'The sole reason why D Touch should stay forever and why I would never switch to Android', 'iphone'
'Looks Like Free Trials for Apps Are a Thing Now', 'iphone'
'Shaved my beard after two years My iPhone recognizes me better than my friends do', 'iphone'
'Why does the mm adapter need a cord Can t it be something like this', 'iphone'
'Ultimate iPhone light Mod', 'iphone'
'Jony Ive to depart Apple form his own independent design company', 'iphone'
'My old iPhone psychedelic decal', 'iphone'
'LPT If Face ID doesn t recognize your face don t reposition your face so it will accept it Instead type in the passcode so it will ad that position of your face to the accepted data set Other s faces won t be added if they type in the passcode since they don t meet a certainty threshold', 'iphone'
'My buddy lost his iPhone in early February and just found it frozen into our driveway AND IT STILL WORKS I initially posted this elsewhere but thought you guys would appreciate it', 'iphone'
'Good old days', 'iphone'
'These AirPods sound fantastic', 'iphone'
'Remember to remove the case from your phone to clean the insides The dust particles can scratch your phone', 'iphone'
'iPhone Pros have GB RAM Up from GB', 'iphone'
'Apple s A Chip Rumored to Become First Arm Based Mobile Processor to Exceed GHz', 'iphone'
'The death of Flappy bird has been greatly exaggerated', 'iphone'
'We re a Retro Family', 'iphone'
'iPhone SE has been announced MEGATHREAD', 'iphone'
'It s finally that time of the year', 'iphone'
'The downside of staying up for the AM iPhoneX release is that no one feels bad that you re tired because you got an iPhone X', 'iphone'
'Pre order the new iPhone SE for off at Walmart', 'iphone'
'Two early iPhone prototypes called Wallabies back when the software keyboard was in development', 'iphone'
'Refurbished iPhone models have disappeared from Apple s site', 'iphone'
'How I m carrying around my dongle', 'iphone'
'Incoming calls taking up the entire screen need to go away in the age of robocalls a day', 'iphone'
'That seems illegal', 'iphone'
'Or you know I could just go straight', 'iphone'
'iPhone Pro Max Tops Consumer Reports Rankings With A Lot Of Praises', 'iphone'
'Dropped my iPhone of the tile floor and it cracked', 'iphone'
'who uses d touch daily and would miss it if they got a xr', 'iphone'
'My niece wanted AirPods for Christmas They were sold out so she got AppleFloss', 'iphone'
'iPhone Pro Graphics Performance Tests Show a Massive Improvement Thanks to New A Bionic', 'iphone'
'WhatsApp DarkMode officially available', 'iphone'
'iPhone X Animoji Bohemian Rhapsody', 'iphone'
'Dell now lets you control iPhones from its PCs', 'iphone'
'iPhone Prank', 'iphone'
'How did Google get Pixel face unlock this wrong Whenever I read about these epic fails by other phone manufacturers like this or the Samsung exploding Note or it s failed fist folding phone I think that if this was an iPhone or any other Apple product how many haters would come out', 'iphone'
'One of the iPhone prototypes has a completely symmetrical bezel with no notch Ben Geskin', 'iphone'
'Hands Down The Best Iphone Color Ever', 'iphone'
'photo video iphone is the future ALGOMYSTIC THE PARALLAX VIEW', 'iphone'
'This has happened on two genuine plugs I can t tell if it s corrosion or burn marks from arcing Anyone else get this', 'iphone'
'Grouped Notifications on iOS', 'iphone'
'First time I ve ever dropped and broken a device Very sad Glad I took out Apple Care', 'iphone'
'WWDC Has Been Announced Coming in June Will Be Online', 'iphone'
'How to get your app immediately deleted', 'iphone'
'Can we ban pictures of boxes', 'iphone'
'New iPhone rumor leak from one claiming worked in Foxconn', 'iphone'
'Reading on an iPhone X TIP use reduced white point low med light and black background or smart invert if not available', 'iphone'
'So now this is happening', 'iphone'
'Apple cancels AirPower product citing inability to meet its high standards for hardware', 'iphone'
'iOS privacy focus has seen background location tracking fall', 'iphone'
'Go Go iPhone Rangers', 'iphone'
'After years of service I decided to upgrade to an IPhone and it s great', 'iphone'
'One key feature iOS is missing is the ability to delete a contact by swiping on their name', 'iphone'
'T R I B U T E', 'iphone'
'Samsung smart TVs are the world s first to get Apple Music available now Ive seen it all now', 'iphone'
'iOS now informs you when it wants your personal data', 'iphone'
'What are the boxes that they are holding', 'iphone'
'iPhone Pro spotted in the wild', 'iphone'
'The leaked Geekbench score for the Galaxy Note is the same as the almost year iPhone X and Plus iPhones are well optimized', 'iphone'
'Huawei demoted two employees and cut their monthly pay for using an iPhone to send New Year greetings from its official Twitter account Huawei is not fucking around', 'iphone'
'A little gore for y all', 'iphone'
'My collection of Parallax ready iPhone wallpapers', 'iphone'
'Pretty incredible iphone concept', 'iphone'
'Just thought you guys might like to see how my Red Leather case aged recently cleaned bought at launch', 'iphone'
'Just downgraded my iPhone s from iOS to iOS', 'iphone'
'Pro tip Don t waste money on find my car apps Drop a pin as soon as you park Instant waypoint', 'iphone'
'I was wondering why my AT T bill went up you should check yours too This is BS', 'iphone'
'Just dug out and updated my old s', 'iphone'
'iPhone Plus PRODUCT RED official press release it has black bezels', 'iphone'
'years ago today Apple s App Store launched with more than apps', 'iphone'
'inch iPhone X Plus screen leaks', 'iphone'
'That s a Welcomed Glitch iOS B', 'iphone'
'Another ANNOYING feature that should be fixed Whenever I m listening to my music then attempt to watch a YouTube video and try to resume the song I was listening to with this quick menu it give me an option to resume the YouTube video just stupid', 'iphone'
'Samsung ads mocking iPhones quietly deleted as it follows Apple s example', 'iphone'
'So my phone decided to Unretina itself', 'iphone'
'Is anyone else a long time iPhone user but kind of bored of iOS', 'iphone'
'Rich guys be like', 'iphone'
'AirPods on iPhone I have to say are absolutely killer I just picked them up and always used wireless Beats These things are great to listen to at work get a call etc sound quality IMO is better than my Beats and I m really loving them Thought I d share if anyone is on the fence', 'iphone'
'I bought a screen protector with very good reviews on Amazon I don t know who to trust anymore', 'iphone'
'I simply love this feature', 'iphone'
'Why is Siri still so useless in', 'iphone'
'Just moved from the Oneplus T to the iPhone X Loving it so far', 'iphone'
'Yes I know wi fi is turned off If I have to dismiss this message one more time I swear to god', 'iphone'
'Made the switch from my iPhone', 'iphone'
'I tried to do a clear glass mod on my iPhone s running iOS', 'iphone'
'Dear Apple I will never use this beause I have physical volume buttons on my phone I would however like to have a brightness adjustment instead', 'iphone'
'Another iPhone S poster on same NYC newsstand closed for years b c of construction of building in front of it', 'iphone'
'PSA iOS now randomizes your music collection rather than simply selecting the first track in your collection when your car starts', 'iphone'
'iOS beta', 'iphone'
'Good old memories', 'iphone'
'My Favorite Thing Siri Does', 'iphone'
'Hold the camera button in messages to quickly take a photo or video', 'iphone'
'iPhone will take better low light photos multi angle Face ID new iPads coming cheaper HomePod in', 'iphone'
'Does the iPhone alarm ever stop I m on a bus for the next hours and this guy s am alarm has been going off for minutes', 'iphone'
'I m a big fan of D touch and I can t seem to imagine not having it on the an iPhone', 'iphone'
'iPhone front panel New Leak', 'iphone'
'The oldest and youngest member of our Apple family', 'iphone'
'X posted from r crappydesign', 'iphone'
'Apple charger', 'iphone'
'Apple website banner now says retail stores are closed until further notice', 'iphone'
'iPhone X now available at Apple official refurbished store', 'iphone'
'I ll never understand why people make fun of sent from my iPhone while this is the norm with other phone manufacturers', 'iphone'
'It seems Siri responds well to threats', 'iphone'
'Here s how to zoom in forever if you ever want to', 'iphone'
'Love this new silicone case color but Apple has a lot of balls calling it Pacific Green', 'iphone'
'After years of waiting for a decent app price tracker for my iPhone I finally decided to make my own It s called AppRaven you can watch daily updated list of apps on sale add apps to wish list get push notifications on price drops create collections and much more Would appreciate any feedback', 'iphone'
'I just got a e mail from Tim Cook after thanking him', 'iphone'
'This drives me crazy Why can t we just punch in numbers instead of scrolling', 'iphone'
'th Anniversary iPhone Wrap', 'iphone'
'I recreated The Brady Bunch intro out of the new Memojis', 'iphone'
'Testing out Apple Arcade I love What The Golf', 'iphone'
'Our first iPhone to our latest', 'iphone'
'Regarding that awful volume square Google gets it', 'iphone'
'TIL you can long press zero on your keyboard to get degree symbol', 'iphone'
'The iPhone XR gives a slight vibration when upvoting', 'iphone'
'Best upgrade of my life', 'iphone'
'In case people forgot about this smooth and gorgeous website Credits to whoever posted this before', 'iphone'
'New One Plus T claims to be just as good and cheaper than the Apple XS and XS Max Here s the Facts T has no IP rating don t get it wet No dual speakers No Wireless charging ppi vs Apple ppi X MIMO WiFi vs Apple x So yes it should be cheaper but the specs are not the same', 'iphone'
'This carnage is what happens when your iPhone gets crushed by a hinge inside of your power reclining loveseat Thank god for AppleCare hulksmash', 'iphone'
'TIL You can select any symbol while holding down the key and release to go back to alphabets', 'iphone'
'Get ready to', 'iphone'
'Meta Can we please stop with the MADE THE SWITCH posts', 'iphone'
'After about years of having this same wallpaper on both screens I am just now noticing the freaking huge hurricane going up the east coast', 'iphone'
'Twitter now supports iOS Dark Mode', 'iphone'
'Exclusive Screenshots reveal iOS Dark Mode new Reminders app more', 'iphone'
'Google Photos for iOS now lets you edit depth and focus in portrait mode shots', 'iphone'
'The cost of each iPhone at launch adjusted for inflation', 'iphone'
'Exclusive iPhone launch imminent iPhone SE in red white and black', 'iphone'
'In an alternate universe this is what comes with the iPhone X', 'iphone'
'iPhone special delivery', 'iphone'
'Anyone know how I can clean the back of my iPhone It s not smudges or dust it doesn t come off when I wipe it It s like mine scratches', 'iphone'
'It s actually insane how much better iOS beta is to iOS', 'iphone'
'A look back at the Apple homepage after the iPhone reveal', 'iphone'
'A cool video on the first iPhone keynote The phone he was showing off didn t actually work and he secretly swapped out devices to do specific tasks', 'iphone'
'iOS and iPadOS are out NOW', 'iphone'
'Let s talk about this Legend for a bit this phone set the bar for a lot of phones today the longevity of this phone is incredible people are still reported to still be using the iPhone s with the only problem being the battery phone itself still works fine A moment of tribute to the iPhone s', 'iphone'
'I know how this sub feels about pictures of just the box I hope you can make an exception', 'iphone'
'IOS is timeless What a throwback the real ones know this youtube app', 'iphone'
'Here s the story of how Steve Jobs brilliantly faked the first iPhone presentation at Macworld using multiple phones and a custom portable cell tower from AT T', 'iphone'
'After years with Android started with the g I finally switched over to Apple and gotten a gb iPhone Plus', 'iphone'
'Tim Cook Apple shipping custom face shields to medical workers as mask donations cross M', 'iphone'
'Made my mom a charger', 'iphone'
'Apple will price new phones to start at and', 'iphone'
'Never forget the iOS beta feature that didn t survive', 'iphone'
'Reminder This subreddit is not for photos shot with an iPhone', 'iphone'
'My iPhone collection', 'iphone'
'I found some use for the old phones I was going to throw away', 'iphone'
'XS Max taking its final breath after landing between a closing truck door RIP', 'iphone'
'Anyone else happy to keep their current phone', 'iphone'
'New vs Old', 'iphone'
'My iPhone apparently thinks it s an iPhone x and has started showing the home bar', 'iphone'
'Apple Card users can soon finance an iPhone over months', 'iphone'
'Steve jobs R I P', 'iphone'
'PSA Your new iPhone is NOT WATERPROOF', 'iphone'
'PSA If you are a lazy sloth and put alarms to wake up you don t have to disable each alarm individually You can save a lot of time by saying Disable all alarms to Siri', 'iphone'
'Found on Craigslist for running iOS', 'iphone'
'If your site does this I hate you', 'iphone'
'Why can t we update app more that larger than MB via cellular', 'iphone'
'Apple officially rolls out universal purchase support for Mac and iOS apps', 'iphone'
'Big update on the Apollo fundraiser for the kitties and dogs Apollo made over yesterday and as promised it all went to those beautiful kitties and puppies and you bet I got pics inside you guys', 'iphone'
'Apple engineers reportedly testing new prototype AirPower with A processor', 'iphone'
'Iphone Makeup', 'iphone'
'The feature that loads the last media you played whenever you connect to Bluetooth is going to get me into a lot of trouble one of these days', 'iphone'
'This Apple Maps concept looks even better than Google Maps', 'iphone'
'A year ago I got tired of seeing crappy loan calculator apps so I made my own It s called Loan Master and you can view multiple graphs with an amortization table and export them to Excel Just recently added an update that allows you to create a PDF of your loan results Would like any feedback', 'iphone'
'Restored a iPhone', 'iphone'
'A fun little story brought to you by AT T', 'iphone'
'That s an oldie goldie I found At a relatives place', 'iphone'
'Incase anyone needed further proof AT T s G E is', 'iphone'
'Replacing the Apple Logo on the back of my iPhone Plus with an LED x post from r DIY', 'iphone'
'Stock NeuralCam XR', 'iphone'
'In iOS if you re texting a new number it will try to predict a name for the contact based off your conversation', 'iphone'
'Any ideas why my iPhone Calendar has a square around the date while my boyfriend s has a circle I ve had multiple iPhones with the square so I don t think it s the model of my phone he has iPhone Xs and l have the Max', 'iphone'
'iPhone SE Said to Have Entered Final Production Verification Stage Ahead of Launch', 'iphone'
'His week old iPhone XS Max caught fire and burned through his pants Apple is replacing his phone and his clothes', 'iphone'
'I just laser engraved my jet black sharing because I couldn t find anyone else who had done it and had no idea if it was possible', 'iphone'
'Apollo is out', 'iphone'
'IPhone SE with shrunken bezels', 'iphone'
'New York Times Jeff Bezos iPhone X was hacked through a malicious WhatsApp message containing video clip sent by the Crown Prince of Saudi Arabia Mohammad bin Salman But there s more to the story', 'iphone'
'Donald Glover s artist picture on Apple music isn t him', 'iphone'
'Iphone Pro camera on a Drone', 'iphone'
'Leak says Apple will release a fourth new iPhone model this coming spring', 'iphone'
'The app store sure has come a long way', 'iphone'
'The progression', 'iphone'
'I decided to take a laser to my phone It turned out hot', 'iphone'
'I made a render of my ideal iPhone Camera all aluminum USB C', 'iphone'
'iPhone XR production has begun in India with iPhone next up', 'iphone'
'You can create gifs with Keynote now', 'iphone'
'Who Remembers the good old Color Conversion Days on the iPhone', 'iphone'
'Counterfeit XR silicone case Not bad for but I d happily buy an official one if Apple actually sold them', 'iphone'
'The iPhone X was released more than months ago Since that time Inbox by Google has had updates Yet for some reason it still doesn t support the IPX s edge to edge display', 'iphone'
'of Teens Surveyed Now Own an iPhone Plan to Purchase', 'iphone'
'iPhone X Envisioned with Retro iOS Wallpaper', 'iphone'
'The home screen made completely of shortcut icons', 'iphone'
'Umm so have i been using my phone for seconds or minutes Hmm', 'iphone'
'The real reason you can t find an iPhone', 'iphone'
'Siri I m starting to worry about you', 'iphone'
'Next generation iPhones', 'iphone'
'I may have a problem', 'iphone'
'iOS code confirms Apple planning iPhone Plus with A as larger version of rumored entry level model', 'iphone'
'iPhone now has more colour options than the colourful iPhone c', 'iphone'
'We still have a working first gen iPhone at home', 'iphone'
'Tech YouTubers doing the group Facetime including MKBHD iJustine Dave D JRE', 'iphone'
'iOS thinks my girlfriends legs are something else', 'iphone'
'I put a couple layers of shrink tube on my cord that was starting to fray Now I really like how the rigidity makes it easier to plug in', 'iphone'
'Face mapping on the iPhone X is dope', 'iphone'
'TrueTone just doing its thing', 'iphone'
'Tried NeuralCam for iPhone and Wow', 'iphone'
'The My Verizon app looks like something straight out of', 'iphone'
'Upgraded to iPhone XR now Caller ID not showing phone number', 'iphone'
'Remember when people would send texts to each other that crashed their phones Yeah That was a weird time', 'iphone'
'Apple will pay up to million to settle lawsuit over slowing down older iPhones', 'iphone'
'Actually a great idea PIC', 'iphone'
'Apple Store app down ahead of iPhone SE pre orders', 'iphone'
